Symbol	Motif	col	Target	Shape
APOL1	composite	#fdffb6	IRF1	rectangle
ACOT7	ISRE	#ffadad	STAT1+STAT2+IRF9+IRF1	ellipse
APOL2	composite	#ffadad	STAT1+STAT2+IRF9+IRF1	rectangle
ACSL5	ISRE	#fdffb6	IRF1	ellipse
APOL6	composite	#ffadad	STAT1+STAT2+IRF9+IRF1	rectangle
ACY3	ISRE	#ffadad	STAT1+STAT2+IRF9+IRF1	ellipse
AGFG2	GAS	#9bf6ff	STAT1	diamond
BCL2L14	composite	#4eb3d3	STAT2	rectangle
ADAR	ISRE	#ffadad	STAT1+STAT2+IRF9+IRF1	ellipse
AGT	GAS	#caffbf	STAT1 + STAT2	diamond
AIDA	ISRE	#fdffb6	IRF1	ellipse
AIG1	GAS	#99d8c9	STAT1 + STAT2 + IRF1	diamond
CASP1	composite	#fdffb6	IRF1	rectangle
AP5Z1	ISRE	#fdffb6	IRF1	ellipse
ANXA2R	GAS	#caffbf	STAT1 + STAT2	diamond
CASP8	composite	#99d8c9	STAT1 + STAT2 + IRF1	rectangle
APOA2	GAS	#caffbf	STAT1 + STAT2	diamond
CD274	composite	#ffadad	STAT1+STAT2+IRF9+IRF1	rectangle
B2M	ISRE	#ffadad	STAT1+STAT2+IRF9+IRF1	ellipse
CFB	composite	#ffadad	STAT1+STAT2+IRF9+IRF1	rectangle
BATF2	ISRE	#ffadad	STAT1+STAT2+IRF9+IRF1	ellipse
ASAP1	GAS	#caffbf	STAT1 + STAT2	diamond
BTN3A1	ISRE	#fdffb6	IRF1	ellipse
ASXL1	GAS	#caffbf	STAT1 + STAT2	diamond
CSF1	composite	#ffadad	STAT1+STAT2+IRF9+IRF1	rectangle
BTN3A2	ISRE	#fdffb6	IRF1	ellipse
CTSO	composite	#fdffb6	IRF1	rectangle
BTN3A3	ISRE	#fdffb6	IRF1	ellipse
C5orf15	ISRE	#fdffb6	IRF1	ellipse
DDX58	composite	#ffadad	STAT1+STAT2+IRF9+IRF1	rectangle
CASP4	ISRE	#99d8c9	STAT1 + STAT2 + IRF1	ellipse
DTX3L	composite	#ffadad	STAT1+STAT2+IRF9+IRF1	rectangle
CASP7	ISRE	#ffadad	STAT1+STAT2+IRF9+IRF1	ellipse
BCL6	GAS	#caffbf	STAT1 + STAT2	diamond
BCLAF1	GAS	#9bf6ff	STAT1	diamond
ETV6	composite	#99d8c9	STAT1 + STAT2 + IRF1	rectangle
BOD1	GAS	#9bf6ff	STAT1	diamond
ETV7	composite	#99d8c9	STAT1 + STAT2 + IRF1	rectangle
CEACAM1	ISRE	#ffadad	STAT1+STAT2+IRF9+IRF1	ellipse
BTBD1	GAS	#9bf6ff	STAT1	diamond
FGL1	composite	#ffd6a5	STAT1 + STAT2 + IRF9	rectangle
CMPK2	ISRE	#ffadad	STAT1+STAT2+IRF9+IRF1	ellipse
C19orf12	GAS	#caffbf	STAT1 + STAT2	diamond
C1RL	GAS	#caffbf	STAT1 + STAT2	diamond
GBP3	composite	#99d8c9	STAT1 + STAT2 + IRF1	rectangle
C1S	GAS	#ffd6a5	STAT1 + STAT2 + IRF9	diamond
CYTH1	ISRE	#ffadad	STAT1+STAT2+IRF9+IRF1	ellipse
C2	GAS	#caffbf	STAT1 + STAT2	diamond
DDX60	ISRE	#ffadad	STAT1+STAT2+IRF9+IRF1	ellipse
C4BPB	GAS	#9bf6ff	STAT1	diamond
IFI35	composite	#99d8c9	STAT1 + STAT2 + IRF1	rectangle
DDX60L	ISRE	#ffadad	STAT1+STAT2+IRF9+IRF1	ellipse
C5	GAS	#9bf6ff	STAT1	diamond
IFI6	ISRE	#ffadad	STAT1+STAT2+IRF9+IRF1	ellipse
DNAJA1	ISRE	#ffadad	STAT1+STAT2+IRF9+IRF1	ellipse
IFIT5	ISRE	#ffadad	STAT1+STAT2+IRF9+IRF1	ellipse
DNPEP	ISRE	#99d8c9	STAT1 + STAT2 + IRF1	ellipse
CREBRF	GAS	#caffbf	STAT1 + STAT2	diamond
IFITM3	composite	#ffadad	STAT1+STAT2+IRF9+IRF1	rectangle
IL15	composite	#c994c7	STAT2 + IRF1	rectangle
CUTA	GAS	#ffd6a5	STAT1 + STAT2 + IRF9	diamond
ERAP1	ISRE	#e5f5f9	IRF1 + IRF9	ellipse
DDX23	GAS	#9bf6ff	STAT1	diamond
IRF2	composite	#ffadad	STAT1+STAT2+IRF9+IRF1	rectangle
FAM111A	ISRE	#99d8c9	STAT1 + STAT2 + IRF1	ellipse
DEK	GAS	#9bf6ff	STAT1	diamond
IRF9	composite	#ffd6a5	STAT1 + STAT2 + IRF9	rectangle
LGALS3BP	composite	#ffadad	STAT1+STAT2+IRF9+IRF1	rectangle
DPAGT1	GAS	#9bf6ff	STAT1	diamond
MDK	composite	#99d8c9	STAT1 + STAT2 + IRF1	rectangle
MVB12A	composite	#ffadad	STAT1+STAT2+IRF9+IRF1	rectangle
GBP1	ISRE	#ffadad	STAT1+STAT2+IRF9+IRF1	ellipse
EFNA1	GAS	#caffbf	STAT1 + STAT2	diamond
MX1	composite	#ffadad	STAT1+STAT2+IRF9+IRF1	rectangle
GBP1P1	ISRE	#ffadad	STAT1+STAT2+IRF9+IRF1	ellipse
FANCI	GAS	#9bf6ff	STAT1	diamond
MYD88	composite	#ffadad	STAT1+STAT2+IRF9+IRF1	rectangle
FGA	GAS	#caffbf	STAT1 + STAT2	diamond
NAPA	composite	#ffd6a5	STAT1 + STAT2 + IRF9	rectangle
GNA13	ISRE	#99d8c9	STAT1 + STAT2 + IRF1	ellipse
FGB	ISRE	#9bf6ff	STAT1	ellipse
NMI	composite	#ffadad	STAT1+STAT2+IRF9+IRF1	rectangle
PARP14	composite	#ffadad	STAT1+STAT2+IRF9+IRF1	rectangle
GNB4	ISRE	#ffadad	STAT1+STAT2+IRF9+IRF1	ellipse
GADD45B	GAS	#9bf6ff	STAT1	diamond
PHF11	composite	#ffadad	STAT1+STAT2+IRF9+IRF1	rectangle
GCLM	GAS	#caffbf	STAT1 + STAT2	diamond
PLSCR1	composite	#ffadad	STAT1+STAT2+IRF9+IRF1	rectangle
GSDMD	ISRE	#ffadad	STAT1+STAT2+IRF9+IRF1	ellipse
GCNT3	GAS	#9bf6ff	STAT1	diamond
PML	composite	#ffadad	STAT1+STAT2+IRF9+IRF1	rectangle
GEN1	GAS	#9bf6ff	STAT1	diamond
PRRC2C	composite	#fdffb6	IRF1	rectangle
GNB2	GAS	#caffbf	STAT1 + STAT2	diamond
H6PD	GAS	#9bf6ff	STAT1	diamond
RIPK1	composite	#caffbf	STAT1 + STAT2	rectangle
HABP2	GAS	#99d8c9	STAT1 + STAT2 + IRF1	diamond
RNF213	composite	#ffadad	STAT1+STAT2+IRF9+IRF1	rectangle
RTP4	ISRE	#ffadad	STAT1+STAT2+IRF9+IRF1	ellipse
IFIT1	ISRE	#ffadad	STAT1+STAT2+IRF9+IRF1	ellipse
SAMD9	ISRE	#ffadad	STAT1+STAT2+IRF9+IRF1	ellipse
IFIT2	ISRE	#ffadad	STAT1+STAT2+IRF9+IRF1	ellipse
HIPK3	GAS	#9bf6ff	STAT1	diamond
SERPIND1	composite	#9bf6ff	STAT1	rectangle
IFIT3	ISRE	#ffadad	STAT1+STAT2+IRF9+IRF1	ellipse
HLA-E	GAS	#ffadad	STAT1+STAT2+IRF9+IRF1	diamond
SMG1	composite	#9bf6ff	STAT1	rectangle
HNRNPR	GAS	#9bf6ff	STAT1	diamond
SP110	composite	#ffadad	STAT1+STAT2+IRF9+IRF1	rectangle
ISG15	ISRE	#ffadad	STAT1+STAT2+IRF9+IRF1	ellipse
SPTBN1	composite	#ffadad	STAT1+STAT2+IRF9+IRF1	rectangle
ISG20	ISRE	#ffadad	STAT1+STAT2+IRF9+IRF1	ellipse
STX17	composite	#ffadad	STAT1+STAT2+IRF9+IRF1	rectangle
KDSR	ISRE	#fdffb6	IRF1	ellipse
HPX	GAS	#9bf6ff	STAT1	diamond
ICAM1	GAS	#caffbf	STAT1 + STAT2	diamond
LAP3	ISRE	#ffadad	STAT1+STAT2+IRF9+IRF1	ellipse
IMPAD1	GAS	#9bf6ff	STAT1	diamond
USP18	composite	#ffadad	STAT1+STAT2+IRF9+IRF1	rectangle
LOC153684	ISRE	#c994c7	STAT2 + IRF1	ellipse
INTS10	GAS	#9bf6ff	STAT1	diamond
VTN	GAS	#ffd6a5	STAT1 + STAT2 + IRF9	diamond
MOV10	ISRE	#ffadad	STAT1+STAT2+IRF9+IRF1	ellipse
IPO8	GAS	#9bf6ff	STAT1	diamond
ZC3HAV1	composite	#ffadad	STAT1+STAT2+IRF9+IRF1	rectangle
IRF1	GAS	#ffd6a5	STAT1 + STAT2 + IRF9	diamond
NCOA7	composite	#ffadad	STAT1+STAT2+IRF9+IRF1	rectangle
NEDD1	ISRE	#fdffb6	IRF1	ellipse
NOD1	ISRE	#c994c7	STAT2 + IRF1	ellipse
LSR	GAS	#9bf6ff	STAT1	diamond
MAFF	GAS	#9bf6ff	STAT1	diamond
MAN1A1	GAS	#9bf6ff	STAT1	diamond
OAS1	ISRE	#ffadad	STAT1+STAT2+IRF9+IRF1	ellipse
MAPKAPK3	GAS	#9bf6ff	STAT1	diamond
OAS2	ISRE	#ffadad	STAT1+STAT2+IRF9+IRF1	ellipse
MED16	GAS	#9bf6ff	STAT1	diamond
OAS3	ISRE	#ffadad	STAT1+STAT2+IRF9+IRF1	ellipse
OGFR	ISRE	#ffadad	STAT1+STAT2+IRF9+IRF1	ellipse
MITD1	GAS	#caffbf	STAT1 + STAT2	diamond
OPTN	ISRE	#fdffb6	IRF1	ellipse
MTPN	GAS	#9bf6ff	STAT1	diamond
OTUD4	ISRE	#fdffb6	IRF1	ellipse
PANX1	ISRE	#fdffb6	IRF1	ellipse
NAMPT	GAS	#caffbf	STAT1 + STAT2	diamond
PARP10	ISRE	#ffadad	STAT1+STAT2+IRF9+IRF1	ellipse
PCNA	ISRE	#fdffb6	IRF1	ellipse
NFKB2	GAS	#9bf6ff	STAT1	diamond
NFKBIZ	GAS	#99d8c9	STAT1 + STAT2 + IRF1	diamond
NNMT	GAS	#9bf6ff	STAT1	diamond
PNPT1	ISRE	#ffadad	STAT1+STAT2+IRF9+IRF1	ellipse
PRKD2	ISRE	#ffadad	STAT1+STAT2+IRF9+IRF1	ellipse
NUCB1	GAS	#caffbf	STAT1 + STAT2	diamond
PRRG4	ISRE	#fdffb6	IRF1	ellipse
PSMB10	ISRE	#fdffb6	IRF1	ellipse
OSMR	GAS	#caffbf	STAT1 + STAT2	diamond
PDE4D	GAS	#9bf6ff	STAT1	diamond
PSME1	ISRE	#c994c7	STAT2 + IRF1	ellipse
PLEKHB2	GAS	#caffbf	STAT1 + STAT2	diamond
RBCK1	ISRE	#ffadad	STAT1+STAT2+IRF9+IRF1	ellipse
RBM43	ISRE	#ffadad	STAT1+STAT2+IRF9+IRF1	ellipse
PROS1	GAS	#caffbf	STAT1 + STAT2	diamond
PSMB3	GAS	#9bf6ff	STAT1	diamond
RPS12	ISRE	#ffd6a5	STAT1 + STAT2 + IRF9	ellipse
RAB27A	GAS	#9bf6ff	STAT1	diamond
RAD1	GAS	#9bf6ff	STAT1	diamond
SEC16B	ISRE	#ffadad	STAT1+STAT2+IRF9+IRF1	ellipse
RAP1A	GAS	#9bf6ff	STAT1	diamond
SHISA5	composite	#ffadad	STAT1+STAT2+IRF9+IRF1	rectangle
SLC15A3	ISRE	#ffadad	STAT1+STAT2+IRF9+IRF1	ellipse
RBM42	GAS	#9bf6ff	STAT1	diamond
SLFN12	ISRE	#ffadad	STAT1+STAT2+IRF9+IRF1	ellipse
RBM7	GAS	#99d8c9	STAT1 + STAT2 + IRF1	diamond
SMARCA5	ISRE	#ffadad	STAT1+STAT2+IRF9+IRF1	ellipse
RBP4	GAS	#9bf6ff	STAT1	diamond
SOCS1	ISRE	#ffadad	STAT1+STAT2+IRF9+IRF1	ellipse
SP100	ISRE	#ffadad	STAT1+STAT2+IRF9+IRF1	ellipse
RPS6KB2	GAS	#ffadad	STAT1+STAT2+IRF9+IRF1	diamond
SP140L	ISRE	#ffadad	STAT1+STAT2+IRF9+IRF1	ellipse
SCN9A	GAS	#caffbf	STAT1 + STAT2	diamond
SDSL	GAS	#9bf6ff	STAT1	diamond
STAT1	ISRE	#ffadad	STAT1+STAT2+IRF9+IRF1	ellipse
SEPHS2	GAS	#caffbf	STAT1 + STAT2	diamond
STAT2	ISRE	#ffadad	STAT1+STAT2+IRF9+IRF1	ellipse
SERPINB1	GAS	#caffbf	STAT1 + STAT2	diamond
TAP1	ISRE	#ffadad	STAT1+STAT2+IRF9+IRF1	ellipse
SERPING1	GAS	#ffd6a5	STAT1 + STAT2 + IRF9	diamond
TAP2	ISRE	#ffadad	STAT1+STAT2+IRF9+IRF1	ellipse
SHC2	GAS	#9bf6ff	STAT1	diamond
TAPBP	ISRE	#ffadad	STAT1+STAT2+IRF9+IRF1	ellipse
SKI	GAS	#9bf6ff	STAT1	diamond
TAPBPL	ISRE	#fdffb6	IRF1	ellipse
SLC25A18	GAS	#caffbf	STAT1 + STAT2	diamond
SLC7A2	GAS	#caffbf	STAT1 + STAT2	diamond
TMEM140	ISRE	#ffadad	STAT1+STAT2+IRF9+IRF1	ellipse
SMPD1	GAS	#9bf6ff	STAT1	diamond
TRIM14	ISRE	#ffadad	STAT1+STAT2+IRF9+IRF1	ellipse
SOCS3	GAS	#caffbf	STAT1 + STAT2	diamond
TRIM26	ISRE	#ffadad	STAT1+STAT2+IRF9+IRF1	ellipse
SSBP4	GAS	#caffbf	STAT1 + STAT2	diamond
TRIM44	ISRE	#c994c7	STAT2 + IRF1	ellipse
STAT3	GAS	#caffbf	STAT1 + STAT2	diamond
USF1	ISRE	#fdffb6	IRF1	ellipse
XAF1	ISRE	#ffadad	STAT1+STAT2+IRF9+IRF1	ellipse
ZC3H7B	ISRE	#fdffb6	IRF1	ellipse
TCIRG1	GAS	#caffbf	STAT1 + STAT2	diamond
ZFYVE26	ISRE	#fdffb6	IRF1	ellipse
TNFAIP1	GAS	#caffbf	STAT1 + STAT2	diamond
TOP1	GAS	#caffbf	STAT1 + STAT2	diamond
UBE2D1	GAS	#9bf6ff	STAT1	diamond
WSB1	GAS	#9bf6ff	STAT1	diamond
YPEL2	GAS	#caffbf	STAT1 + STAT2	diamond
ZNF24	GAS	#9bf6ff	STAT1	diamond
